name,floor
FRANK by Баста,0
PIMS,0
LIMÉ Cafe,0
FunnySocks,-1
ANNA PEKUN,-1
First in space,-1
ASKENT,-1
Estelle A-Store,-1
ANEX Tour,-1
Falconeri,-1
Marchelas,-1
Intimissimi,-1
belle you,-1
MIUZ Diamonds,-1
1811 Eighteen One One,-1
Tommy Hilfiger,-1
PURE STONE,-1
CHARUEL,-1
Furla,-1
Calzedonia,-1
LOVE REPUBLIC,-1
TEZENIS,-1
Золотое Яблоко,-1
Eleganzza Piece of Art,-1
KARATOV,-1
YaModa,-1
FALKE,-1
ASH,-1
Тайм Авеню,-1
Sisley,-1
Twinset,-1
ЭПЛ ДАЙМОНД,-1
Ksenia Knyazeva,-1
Tara Jarmon,-1
Gerard Darel,-1
Marc O’Polo,-1
12STOREEZ,-1
EMKA,-1
Lacoste,-1
GATE31,-1
ADAMAS,-1
Линзмастер,-1
2MOOD,-1
Gloria Jeans,-1
CONSO,-1
SOULA,-1
INCANTO,-1
L`Occitane,-1
MARC CAIN,-1
M.REASON,-1
Oomph,-1
Rendez-Vous,-1
Samsung,-1
Слепая Курица,-1
SOKOLOV,-1
TOUS,-1
PINKO,-1
LIMÉ,-1
Marc & André,-1
ALL WE NEED,-1
BRUSNIKA,-1
Lichi,-1
Maneken Brand,-1
4FORMS,-1
Askomi,-1
SOKOLOV Premium,-1
PanClub,-1
IDOL,-1
Intimissimi Uomo,-1
EKONIKA (Скоро открытие),-1
Poison Drop,-1
BUSINESS LINE,-1
Palais des Thés,-1
Кофемания Bez Tarelok,-1
Телебутик,-2
Cofix,-2
Я ем Гоу,-2
AR Fashion,-2
Madame Coco,-2
Eterna,-2
Bootwood,-2
O'Sofi,-2
Мегафон,-2
WoolStreet,-2
LAMODA SPORT,-2
TO BE ONE,-2
Face Fit,-2
PARPA,-2
Yamaguchi,-2
ТВОЕ,-2
Putin Team Russia,-2
AMAZING RED,-2
Zarina,-2
Кантата,-2
Sweet Lavka,-2
SERGINNETTI,-2
РИВ ГОШ,-2
Street Beat,-2
Мармеладный капитан,-2
HENDERSON,-2
МТС,-2
MUSTANG,-2
Евродом,-2
MÍDITI,-2
6 сортов,-2
CHARMSTORE,-2
4 Измерение,-2
Befree,-2
Damat Tween,-2
Salvatini,-2
Respect Premium,-2
BLCV,-2
KANZLER,-2
Dr. Koffer,-2
Lady Collection,-2
Мир Кубиков,-2
Pompa,-2
RALF RINGER,-2
SuperStep,-2
Trailhead,-2
Айкрафт Оптика,-2
SOME PEOPLE,-2
VERY NEAT,-2
Mango,-2
Robinzon,-2
modi,-2
Hiker,-2
Jeans Dean,-2
Bibibs&Co,-2
ФораБанк,-2
Soul in the Bowl,-2
HANOIAN,-2
Cinnabon,-2
SUSHI BOOFFET,-2
One Special,-2
ЛЕПИМ и ВАРИМ,-2
Chicha San Chen,-2
Thai Food,-2
Osteria Mario,-2
Теремок,-2
Кондитория Ромбаба,-2
Крошка Картошка,-2
Cheesemania,-2
Greek Street,-2
French Kiss,-2
Токио Рамен,-2
Гамарджоба Генацвале,-2
Бургер Кинг,-2
#FARШ,-2
Хочу Пури,-2
Флавотека,-3
ASIA st 71,-3
Перекрёсток,-3
"Аптека 36,6",-3
ICleaning,-3
МУЛЬТИ-МАСТЕР,-3
